{"shoulder_link": [[0.01396511410384471, -0.044503962056135604, -0.04242067305421543, -0.5000080949655835, 0.4999919049033576, -0.49999557815443746, 0.5000044218064573], [-0.01397688916679913, -0.044373662238786145, -0.04251467401659259, 0.5041923068620028, -0.504176043052413, 0.4957761599299525, -0.49578486721388915], [0.015139136743239847, -0.04540830357915224, -0.09290966641169818, 0.5149174183484211, -0.514900967950712, 0.4846281836070804, -0.4846365330209009], [-0.015252863147058949, -0.045413066130200574, -0.09314466638230615, 0.5149850813543244, -0.5149686297909778, 0.48455628514557647, -0.48456463226240676], [0.015001191925876355, -0.04761263806964494, -0.13797065021899413, -0.49694443172862823, 0.49692829599093263, -0.5030405071029829, 0.5030494494888473], [-0.01499680803987398, -0.04761438169194069, -0.13697165021167468, -0.49714194046287613, 0.497125801214758, -0.5028453250349092, 0.5028542610835945]], "half_arm_1_link": [[-0.020673218351798372, -0.019274858238379655, -0.05231532695730778, -0.7070979303765619, -2.4684842859678604e-07, 0.70711563184001, -8.038996852133073e-06], [4.07412087911075e-07, -0.15531460206090558, -0.05105034534625496, 0.499988057103052, 0.5000064329052791, -0.5000060838088833, 0.4999994259614284], [0.03675787525071905, -0.15531396539803927, -0.032362265517480206, 0.6830055754927071, 0.1830242444000851, -0.18301825764454982, 0.6830152466646753], [0.03614892893958314, -0.1553135087069325, 0.00972874973734095, 0.6830123015031372, -0.18299914258742814, 0.18300916285579197, 0.6830176836059784], [4.9396348492042806e-05, -0.15521272544948334, 0.028447652334442367, 0.500006432905279, -0.499988057103052, 0.4999994259614284, 0.5000060838088835], [-0.03595307293542659, -0.15531435442247526, 0.009654554718233784, 0.18302424440008522, -0.6830055754927071, 0.6830152466646752, 0.18301825764455015], [-0.037017127624995004, -0.15531483115828593, -0.03247641865516848, -0.1829991425874281, -0.6830123015031373, 0.6830176836059781, -0.18300916285579183], [4.189455890857549e-05, -0.19970461610999174, -0.052368857211420344, -0.06163719650753795, 0.7044241427320711, -0.06162739940820518, 0.7044072307870353], [0.039957475397936586, -0.19970389269839223, -0.029166856440803676, -0.02256543238038287, 0.2578456087657893, -0.08418148330440266, 0.9622473284817975], [0.03972162689287523, -0.19970338858175668, 0.01683114947498062, -3.8057214160658073e-06, -0.25880695474949805, 7.085399709387472e-06, 0.9659290657748142], [3.1973510102732753e-06, -0.19968460279188854, 0.03962814357117692, 2.46848428557536e-07, -0.7070979303765619, 8.038996852250829e-06, 0.7071156318400099], [-0.039668371049077646, -0.19970431796662286, 0.016914136901524133, -4.233275436156282e-06, 0.9659225865895078, -6.838551280568506e-06, -0.25883113539825237], [-0.04000052249373215, -0.1997048287169385, -0.029081854795111224, -0.08419332360677986, 0.9622527965243084, -0.02256030360894909, 0.25782178446024345]], "half_arm_2_link": [[5.623059408528024e-06, -0.049006918370454455, -0.22553774969354462, 0.5006135333144636, -0.5006015986651048, 0.49938941086002986, -0.4993939787354499], [-0.015695833383158317, -0.0463999184412878, -0.19025895283266087, 0.5157321230194909, -0.515720053560789, 0.48376086098447774, -0.48376505973522244], [0.01526613954017681, -0.04486140616019994, -0.1901156013220126, 0.5157321230194909, -0.515720053560789, 0.48376086098447774, -0.48376505973522244], [-0.011890403210275116, -0.04408652229486921, -0.14488992523156458, 0.5140657490932404, -0.5140536941424106, 0.4855311975596695, -0.48553543778391717], [0.01207360118439885, -0.04409212930811625, -0.14525664437948288, 0.5141293011290533, -0.514117245623283, 0.48546390392892785, -0.4854681425751497], [-0.01489095893432438, -0.04325323204623526, -0.09863896650951837, -0.4947088101232567, 0.4946969299916153, -0.5052392420646452, 0.5052439499105815], [0.014073041456014146, -0.04327675380553159, -0.0986386269356872, -0.4947132191896454, 0.49470133901692076, -0.5052349250002932, 0.5052396327425557], [0.022742257230980015, 0.03202972841000313, -0.052487078584971536, 0.6830159570884021, 0.18301943350870728, -0.5000007983493691, -0.49999229091132974], [0.022741539237718184, 0.04003009573420009, -0.002487137363382075, -0.6123738377033058, -0.35356073534225985, 0.3535561569985159, 0.612365195915972], [0.04299678037623226, 0.00034606284022662206, -0.05248660847749159, -0.7071093785632898, -9.980629117544839e-06, 1.6947734612926124e-06, 0.7071041837277965], [0.04605519447410045, 0.0003464806745789306, -0.002486572637190765, -0.7071093785632898, -9.980629117544839e-06, 1.6947734612926124e-06, 0.7071041837277965], [0.02034644136802721, -0.03968631115648464, -0.05248657979660726, -0.6123755324767673, 0.35354344838553686, -0.3535532215647737, 0.6123751765450896], [0.023345855465907495, -0.03968589429631412, -0.0024865446476629582, -0.6123755324767673, 0.35354344838553686, -0.3535532215647737, 0.6123751765450896], [-0.020677552877572683, -0.04003498852648949, -0.05248705795544467, 0.3535561569985161, -0.6123651959159723, 0.6123738377033057, -0.3535607353422599], [-0.022678138778667544, -0.04003465422409755, -0.0024870813960444216, 0.3535561569985161, -0.6123651959159723, 0.6123738377033057, -0.3535607353422599], [-0.04299120811415993, -0.0003513569553126178, -0.05248761096372717, 1.6947734613359121e-06, -0.7071041837277967, 0.7071093785632896, -9.980629117588136e-06], [-0.045991794015049825, -0.00035103916447639, -0.0024876461222357316, 1.6947734613359121e-06, -0.7071041837277967, 0.7071093785632896, -9.980629117588136e-06], [-0.023281737013595025, 0.031680968482219685, -0.052487615333352944, -0.5000005461150038, -0.5000026912049153, 0.6830131199202262, 0.18300229695110143], [-0.023282455006856856, 0.039681335806416654, -0.0024876741117634826, -0.35355322156477365, -0.6123751765450898, 0.612375532476767, 0.3535434483855365]],