{"shoulder_link": [[-0.016911198342825524, -0.04346997148879875, -0.0424206730542154, 0.3062131365992214, -0.6373645071496113, 0.637366756699724, -0.3062084542498375], [-0.038642895188841904, -0.025905636118170167, -0.04251467401659259, -0.3087755959660267, 0.6426982153566647, -0.6319880548691963, 0.30362433007885464], [-0.01655986567421143, -0.04490966871531163, -0.09290966641169818, -0.31534377646996303, 0.656369756430661, -0.6177771769522946, 0.29679690888159554], [-0.04028857876377757, -0.02591962250349668, -0.09314466638230615, -0.3153852140620916, 0.6564560079984995, -0.6176855244237686, 0.2967528756912338], [-0.018045172727314526, -0.04654428863340126, -0.13797065021899413, 0.30433691397815554, -0.633459187614162, 0.641248278864901, -0.3080732790591565], [-0.04146442019040472, -0.02779811960482586, -0.13697165021167468, 0.30445787060254026, -0.6337109563742575, 0.6409994705857535, -0.30795374248119656]], "half_arm_1_link": [[0.04209969427223768, 0.014181822660732146, -0.04102300904186134, 0.8940096782373951, -0.1149634409026859, -0.4295114534153118, -0.05522693055702815], [0.01439103772423786, -0.023686012187385697, -0.05258142157216398, 0.8940096782373951, -0.1149634409026859, -0.4295114534153118, -0.05522693055702815], [0.0456234903347065, -0.03185529188055092, -0.026751092456380902, 0.8940096782373951, -0.1149634409026859, -0.4295114534153118, -0.05522693055702815], [0.0022853052271828017, -0.06660143542200753, -0.04975514941558934, 0.8940096782373951, -0.1149634409026859, -0.4295114534153118, -0.05522693055702815], [0.03197505979589352, -0.07452751417788256, -0.025070215889136622, 0.8940096782373951, -0.1149634409026859, -0.4295114534153118, -0.05522693055702815], [-0.009659610206528932, -0.11082304036425322, -0.047036785640553594, 0.8940096782373951, -0.1149634409026859, -0.4295114534153118, -0.05522693055702815], [0.017875783548105276, -0.1177175277396959, -0.024339434239847954, 0.055226930557027966, 0.4295114534153117, -0.11496344090268577, 0.894009678237395], [-0.0051779619776419206, -0.15918311871960683, -0.03867461561019777, 0.6712116430290588, 0.22241903265642882, -0.385001889958085, 0.5931089688270723], [0.01128424790968844, -0.1634877147743622, -0.0011137068295137102, 0.6924958505072714, -0.1429852889489014, -0.03686693279518616, 0.7061483791956799], [-0.014624968808463965, -0.15671199170252637, 0.03136438496950682, 0.5282263540801573, -0.4700768178508427, 0.32114648923759526, 0.6299759016222587], [-0.05318192962268693, -0.14652480854252775, 0.023416693667303635, -0.2224190326564288, 0.6712116430290584, -0.5931089688270726, -0.385001889958085], [-0.06903597475613045, -0.14248364358021814, -0.013754355277461685, -0.14298528894890128, -0.6924958505072715, 0.7061483791956797, 0.036866932795186436], [-0.04436615158551781, -0.14893526867574158, -0.047309198271544034, -0.47007681785084265, -0.5282263540801573, 0.6299759016222586, -0.3211464892375951], [-0.015580103188732278, -0.20234562156493174, -0.03967828306102689, 0.01758238567175454, 0.4326903768143845, -0.19244404783201438, 0.8805879774221003], [0.0005380759562895326, -0.20656019816602222, 0.003380143281821806, -0.0030771537347572125, -0.07559285449743224, -0.21288701680654726, 0.9741434029695176], [-0.027451620708271077, -0.19924038585135456, 0.039141426834064796, -0.07194779504968307, -0.5594793658750805, -0.10530964528676823, 0.818972668992734], [-0.0712282593777784, -0.18777297577164592, 0.032115663468906736, 0.11496344090268594, 0.894009678237395, 0.055226930557028035, -0.4295114534153118], [-0.08746200602552824, -0.18354781134202008, -0.01040930898633768, 0.127174725606711, 0.988990819290392, -0.009653795615917466, 0.07503700924466096], [-0.05990251570383075, -0.19075512569295905, -0.04652399699627363, 0.033530739036507114, 0.8250345710860686, -0.1204358516527172, 0.5510797144598755]], "half_arm_2_link": [[-0.034959073719106795, 0.023626930255983038, -0.03227427325998605, 0.6604449212695751, 0.5077405219292207, 0.2569257214823652, 0.4898992161669931], [-0.007741513296761274, -0.01229190378006111, -0.03675112049292689, 0.719788481766724, 0.13551584232444608, -0.04584067939722532, 0.6792927425693962], [-0.023665037154703736, -0.05404494599823495, -0.029916089587881, 0.5873852997048398, -0.2499064641889746, -0.36633510150800114, 0.6769962054918356], [-0.0671338546109564, -0.06015796251665155, -0.018829746096875766, -0.3146454321269453, 0.5639058920308848, 0.5984971854275185, -0.4741408187551871], [-0.09455555851883894, -0.02440580577084059, -0.014420442318342552, 0.13688777585136463, -0.6981145756540093, 0.7015483788384947, 0.04156498804246122], [-0.07855539103376417, 0.017304013890217185, -0.02126724458594148, 0.3859352641766078, 0.7237084242762318, 0.5287640959740949, 0.21842302833090815], [-0.06905791050102673, -0.0646135299230178, -0.06307556752691829, -0.4759261177051781, 0.6017008683221317, -0.5604862184676823, 0.31193844657923836], [-0.08494433268381653, -0.05792394861094255, -0.05960662574313208, -0.4759233955105781, 0.6016959771342585, -0.5604914692769728, 0.3119425998062356], [-0.08064136384447511, -0.06965508917750757, -0.1131480883135097, -0.4877828271512412, 0.6231994312824054, -0.5364803862967371, 0.2930514929232297], [-0.09859766823757289, -0.06205232564384068, -0.10885097996095877, -0.48774446262161675, 0.6231292008250796, -0.536561958315074, 0.2931153410351317], [-0.09074275190700566, -0.07576792184014289, -0.15677521805004851, -0.4887493956806961, 0.6249703741532675, -0.5344162866741007, 0.29143660063544824], [-0.11203079215508664, -0.06682820367922812, -0.15202157107120212, -0.4887493956806961, 0.6249703741532675, -0.5344162866741007, 0.29143660063544824], [-0.11212483234299335, -0.07662381902308382, -0.19288897577811098, -0.4795572515897172, 0.6082427170981892, -0.5533800982406413, 0.30632679676435115]],