{"shoulder_link": [[0.013965327441880445, -0.04450389511119696, -0.04242067305421543, -0.5000092933672353, 0.49999070646002847, -0.4999943797199124, 0.5000056202169132], [-0.013976676453059273, -0.04437372923914961, -0.04251467401659262, 0.504193515292373, -0.5041748345801645, 0.4957749716090576, -0.49578605551106575], [0.015139354416394976, -0.04540823100630267, -0.0929096664116982, 0.5149186524847428, -0.5148997337720033, 0.48462702200704655, -0.48463769459813855], [-0.01525264545072443, -0.04541313924717575, -0.09314466638230617, 0.5149863156528209, -0.5149673954500908, 0.48455512371787773, -0.48456579366731506], [0.015001420165929188, -0.047612566158034726, -0.13797065021899418, -0.4969456227872931, 0.4969271048907381, -0.5030393013699898, 0.5030506551975171], [-0.014996579791118092, -0.047614453581441785, -0.13697165021167468, -0.4971431319949298, 0.4971246096411651, -0.5028441197697529, 0.5028554663244438]], "half_arm_1_link": [[-1.9934157102833493e-06, 0.024371364792059202, -0.05405832540791157, -0.7070962355276792, 6.947139792084474e-07, 0.7071173266521822, -7.097426219325997e-06], [-0.02067354623342064, -0.019274803184340716, -0.05231522785456285, -0.7070962355276792, 6.947139792084474e-07, 0.7071173266521822, -7.097426219325997e-06], [0.020671453466329603, -0.019276428930525502, -0.05232646104654539, -0.7070962355276792, 6.947139792084474e-07, 0.7071173266521822, -7.097426219325997e-06], [-0.019574060818609237, -0.0638567630342729, -0.04957476935977568, -0.7070962355276792, 6.947139792084474e-07, 0.7071173266521822, -7.097426219325997e-06], [0.019841942582300476, -0.06401340539830774, -0.04950894330669405, -0.7070962355276792, 6.947139792084474e-07, 0.7071173266521822, -7.097426219325997e-06], [-0.018162575902719087, -0.10966172433474919, -0.04722230669395294, -0.7070962355276792, 6.947139792084474e-07, 0.7071173266521822, -7.097426219325997e-06], [0.018180420832635418, -0.10936539547144314, -0.04724239397310046, -7.0974262194437525e-06, 0.7071173266521821, -6.947139790514356e-07, 0.7070962355276792], [-2.7670406337622054e-07, -0.15531460206388908, -0.05105034533883524, -0.49998752445489353, -0.5000069655332956, 0.5000079480072265, -0.49999756173131105], [0.03675728072057132, -0.155314063291917, -0.032362441714179846, 0.6830053805198788, 0.1830249719935573, -0.18302080420273148, 0.6830145642932066], [0.036148536181938126, -0.15531360497725039, 0.009728576459257496, 0.6830124964484507, -0.1829984149865834, 0.18300661628598017, 0.6830183659340425], [4.909359240912652e-05, -0.1552127255794828, 0.028447652106105187, 0.5000069655332955, -0.49998752445489353, 0.499997561731311, 0.5000079480072266], [-0.035953466049907686, -0.15531425867228082, 0.009654727074793854, 0.1830249719935574, -0.6830053805198788, 0.6830145642932065, 0.1830208042027318], [-0.037017722703553885, -0.15531473257615247, -0.032476241197376035, -0.18299841498658337, -0.6830124964484509, 0.6830183659340424, -0.18300661628598003], [4.108590367975443e-05, -0.19970461622336272, -0.05236885740036852, -0.061636406232479346, 0.7044259131582591, -0.06162818967187056, 0.7044054603249933], [0.039956777967232376, -0.19970399911308073, -0.02916704797293767, -0.02256529082975204, 0.2578479451682936, -0.08418271054295552, 0.962246598366499], [0.03972114996369635, -0.19970349436634194, 0.016830959072902715, -4.1503530640700455e-06, -0.2588046395612241, 5.79919441801654e-06, 0.9659296861007683], [2.829754180268156e-06, -0.19968460279820888, 0.03962814356667304, -6.947139792476969e-07, -0.7070962355276793, 7.097426219443755e-06, 0.707117326652182], [-0.039668847581721955, -0.19970421232145313, 0.016914327070481537, -2.94707315534497e-06, 0.965921966213406, -6.493908397002806e-06, -0.2588334505730894], [-0.04000121951825537, -0.19970472218918667, -0.029081663033394274, -0.08419209636085724, 0.9622535265899128, -0.02256044514721601, 0.2578194480453326]], "half_arm_2_link": [[1.932889936973905e-05, 0.04526251107832662, -0.03111244209544861, 0.5479418607653753, 0.5479754976067426, 0.4469346158534541, 0.4469138847647799], [0.03912959703667738, 0.022431674752049997, -0.0314869202265442, 0.7210708430986895, 0.19323031986451464, 0.17223005163921531, 0.6426940889959674], [0.039220103868348184, -0.022773322543312668, -0.03179158732302334, 0.7005511472858177, -0.18769542188306348, -0.1781681199914756, 0.6650222850847686], [5.436411014083925e-05, -0.04548449393544016, -0.032039775134547144, 0.5080597594462011, -0.5080352300911346, -0.49180535597003916, 0.4918363321847014], [-0.03916389096735711, -0.022868664524314047, -0.03179229640181935, -0.18772976129049485, 0.7005449390840194, -0.6650080007948617, 0.17820966283679274], [-0.03916639722605699, 0.022325337675097645, -0.03148362842770913, 0.19322817652765192, 0.7212320724373169, 0.6425347051409873, 0.17215203214878583], [0.008743636582960105, -0.04327633290892205, -0.07563871267635036, -0.49472350940375176, 0.4946923939122585, -0.505224443767251, 0.5052487962070447], [-0.008839364718790325, -0.04325330689669229, -0.07563887206229958, -0.4947191002573963, 0.4946879849784193, -0.5052287607535424, 0.5052531134648692], [0.01007414913566314, -0.04409163842905762, -0.12725669464248257, 0.5141399424782598, -0.5141078967187005, 0.48545378122540483, -0.4854768958188263], [-0.00988985448849272, -0.044086741613193266, -0.12688987545557096, 0.5140763892965587, -0.5140443465629673, 0.48552107363246455, -0.48554419242046815], [0.011877684943804935, -0.04639186987794605, -0.1723586614163417, 0.5157427932609112, -0.5157106712275821, 0.48375076925682087, -0.4837737777359008], [-0.011695315536822183, -0.04640017493941716, -0.17225887481248947, 0.5157427932609112, -0.5157106712275821, 0.48375076925682087, -0.4837737777359008], [6.193588567976643e-06, -0.04900682267019177, -0.21253774970735273, 0.5006239304508898, -0.5005925310670911, 0.4993790354173998, -0.499403020701051]],