{"shoulder_link": [[0.013965256329237525, -0.044503917426290146, -0.04242067305421543, -0.5000088939003372, 0.49999110594145735, -0.4999947791984066, 0.5000052207470804], [-0.013976747357674913, -0.04437370690580842, -0.04251467401659262, 0.5041931124825714, -0.5041752374045693, 0.4957753677163391, -0.4957856594123235], [0.015139281858715254, -0.04540825519736847, -0.0929096664116982, 0.5149182411062976, -0.5149001451652349, 0.4846274092073672, -0.4846373074060354], [-0.015252718016208216, -0.045413114874966645, -0.09314466638230617, 0.5149859042203174, -0.5149678068973821, 0.4845555108607534, -0.48456540653265506], [0.015001344085949882, -0.04761259012869304, -0.13797065021899416, -0.4969452257680555, 0.49692750192445356, -0.5030397032813086, 0.5030502532949482], [-0.014996655874075013, -0.04761442961839633, -0.1369716502116747, -0.49714273481789595, 0.4971250068326801, -0.5028445215251259, 0.502855064577815]], "half_arm_1_link": [[-1.8595046192583949e-06, 0.024371364795921557, -0.05405832541066833, -0.7070968004768781, 1.2596462647448597e-06, 0.7071167617240469, -6.5324728701766485e-06], [-0.020673484849376183, -0.01927477014955975, -0.05231526088895843, -0.7070968004768781, 1.2596462647448597e-06, 0.7071167617240469, -6.5324728701766485e-06], [0.020671514865620216, -0.019276461960538394, -0.05232642801590429, -0.7070968004768781, 1.2596462647448597e-06, 0.7071167617240469, -6.5324728701766485e-06], [-0.019574075050639853, -0.06385673175632522, -0.049574800637955746, -0.7070968004768781, 1.2596462647448597e-06, 0.7071167617240469, -6.5324728701766485e-06], [0.019841927994688608, -0.06401343710282925, -0.04950891160217652, -0.7070968004768781, 1.2596462647448597e-06, 0.7071167617240469, -6.5324728701766485e-06], [-0.01816266708507109, -0.1096616953121698, -0.047222335717391734, -0.7070968004768781, 1.2596462647448597e-06, 0.7071167617240469, -6.5324728701766485e-06], [0.018180330155789192, -0.10936542452100351, -0.04724236492418206, -6.532472870294406e-06, 0.7071167617240469, -1.2596462645878492e-06, 0.7070968004768781], [-4.3471796422066076e-07, -0.15531460206257636, -0.05105034534145258, -0.49998832341664723, -0.5000061666013301, 0.5000079480101612, -0.4999975617283762], [0.036757092846098856, -0.1553141220253892, -0.03236238298204301, 0.6830056729750715, 0.18302388061730251, -0.18302080420674033, 0.6830145642921325], [0.03614828105110245, -0.15531366273851688, 0.009728634218629743, 0.6830122040339498, -0.1829995063737415, 0.18300661628197132, 0.6830183659351167], [4.880871171153083e-05, -0.1552127256580058, 0.028447652182276472, 0.50000616660133, -0.49998832341664734, 0.49999756172837634, 0.5000079480101612], [-0.03595372106360013, -0.1553142012224215, 0.009654669622618068, 0.18302388061730263, -0.6830056729750714, 0.6830145642921324, 0.18302080420674063], [-0.037017910397067616, -0.1553146734252252, -0.032476300350070195, -0.18299950637374146, -0.6830122040339498, 0.6830183659351166, -0.18300661628197115], [4.0859066230258165e-05, -0.1997046162880705, -0.05236885733753328, -0.06163579419221703, 0.7044253996187747, -0.061628801692985215, 0.7044059738872969], [0.03995651405657339, -0.19970406295898147, -0.029166984128981242, -0.022565017559327022, 0.2578471944118095, -0.08418349735218841, 0.9622467371158294], [0.03972081255378294, -0.19970355783628296, 0.016831022540291226, -4.357122100187909e-06, -0.25880541128564977, 5.027464322931898e-06, 0.9659294793332515], [2.4559470101094728e-06, -0.19968460280288375, 0.03962814356826175, -1.2596462647841086e-06, -0.7070968004768782, 6.532472870294406e-06, 0.7071167617240468], [-0.03966918512579332, -0.19970414893484967, 0.016914263680858493, -2.175350770077758e-06, 0.9659221730096963, -6.287110587454578e-06, -0.2588326788563735], [-0.04000148356630192, -0.19970465827094108, -0.02908172695405461, -0.08419130954645164, 0.9622533878699181, -0.022560718389649032, 0.2578201988120049]], "half_arm_2_link": [[1.9178770104140815e-05, 0.045262510980416684, -0.031112442127195494, 0.5479435312463924, 0.5479745413416139, 0.4469331068859253, 0.44691451819780414], [0.03912933686471818, 0.022431487172124197, -0.031486982751796566, 0.7210714438337865, 0.1932291050525119, 0.1722279351016805, 0.6426943474301569], [0.03921962651108485, -0.022773510556586694, -0.03179164999158762, 0.7005505550518326, -0.1876965696767044, -0.17817027364609245, 0.6650220080095424], [5.37774866180283e-05, -0.04548449420027484, -0.03203977521964946, 0.5080581488311384, -0.5080360548828655, -0.49180694072958714, 0.49183555930365064], [-0.03916436878179208, -0.022868476789477815, -0.031792233820857774, -0.18772861350359699, 0.7005455314123324, -0.6650082779555674, 0.17820750921552259], [-0.03916665790150298, 0.022325525421435358, -0.03148356584405115, 0.1932304185562581, 0.721231746846241, 0.6425341381293248, 0.17215299597770192], [0.008742990877956328, -0.04327637482833701, -0.0756387266460204, -0.4947227273572096, 0.49469398334612613, -0.5052252595148868, 0.5052471900223713], [-0.008840010313444871, -0.04325326452875387, -0.07563885793615138, -0.4947183182248707, 0.49468957440516814, -0.5052295765150487, 0.5052515072733713], [0.010073417042124605, -0.04409168672761835, -0.1272567107380846, 0.5141390980997764, -0.5141095168941507, 0.4854545340704986, -0.4854753215091439], [-0.009890585972163432, -0.04408669421061965, -0.12688985965075888, 0.5140755451241592, -0.5140459666398565, 0.48552182668963245, -0.4855426180002704], [0.011876869755378671, -0.04639192682302092, -0.17235868039368346, 0.5157419436801854, -0.5157122938841253, 0.4837515167392402, -0.48377220622752043], [-0.011696130605310653, -0.04640011888297238, -0.17225885612261244, 0.5157419436801854, -0.5157122938841253, 0.4837515167392402, -0.48377220622752043], [5.301663004930697e-06, -0.04900682270791222, -0.2125377497151511, 0.5006231295923798, -0.5005941299729179, 0.4993798324395962, -0.4994014238129376]],